Date,America_Toronto_DST,America_New_York_DST
Mon Apr 01 00:00:00 EST 1918,FALSE,TRUE
Tue Apr 02 00:00:00 EST 1918,FALSE,TRUE
Wed Apr 03 00:00:00 EST 1918,FALSE,TRUE
Thu Apr 04 00:00:00 EST 1918,FALSE,TRUE
Fri Apr 05 00:00:00 EST 1918,FALSE,TRUE
Sat Apr 06 00:00:00 EST 1918,FALSE,TRUE
Sun Apr 07 00:00:00 EST 1918,FALSE,TRUE
Mon Apr 08 00:00:00 EST 1918,FALSE,TRUE
Tue Apr 09 00:00:00 EST 1918,FALSE,TRUE
Wed Apr 10 00:00:00 EST 1918,FALSE,TRUE
Thu Apr 11 00:00:00 EST 1918,FALSE,TRUE
Fri Apr 12 00:00:00 EST 1918,FALSE,TRUE
Sat Apr 13 00:00:00 EST 1918,FALSE,TRUE
Sun Apr 14 00:00:00 EST 1918,FALSE,TRUE
Mon Mar 29 01:00:00 EST 1920,FALSE,TRUE
Tue Mar 30 01:00:00 EST 1920,FALSE,TRUE
Wed Mar 31 01:00:00 EST 1920,FALSE,TRUE
Thu Apr 01 01:00:00 EST 1920,FALSE,TRUE
Fri Apr 02 01:00:00 EST 1920,FALSE,TRUE
Sat Apr 03 01:00:00 EST 1920,FALSE,TRUE
Sun Apr 04 01:00:00 EST 1920,FALSE,TRUE
Mon Apr 05 01:00:00 EST 1920,FALSE,TRUE
Tue Apr 06 01:00:00 EST 1920,FALSE,TRUE
Wed Apr 07 01:00:00 EST 1920,FALSE,TRUE
Thu Apr 08 01:00:00 EST 1920,FALSE,TRUE
Fri Apr 09 01:00:00 EST 1920,FALSE,TRUE
Sat Apr 10 01:00:00 EST 1920,FALSE,TRUE
Sun Apr 11 01:00:00 EST 1920,FALSE,TRUE
Mon Apr 12 01:00:00 EST 1920,FALSE,TRUE
Tue Apr 13 01:00:00 EST 1920,FALSE,TRUE
Wed Apr 14 01:00:00 EST 1920,FALSE,TRUE
Thu Apr 15 01:00:00 EST 1920,FALSE,TRUE
Fri Apr 16 01:00:00 EST 1920,FALSE,TRUE
Sat Apr 17 01:00:00 EST 1920,FALSE,TRUE
Sun Apr 18 01:00:00 EST 1920,FALSE,TRUE
Mon Apr 19 01:00:00 EST 1920,FALSE,TRUE
Tue Apr 20 01:00:00 EST 1920,FALSE,TRUE
Wed Apr 21 01:00:00 EST 1920,FALSE,TRUE
Thu Apr 22 01:00:00 EST 1920,FALSE,TRUE
Fri Apr 23 01:00:00 EST 1920,FALSE,TRUE
Sat Apr 24 01:00:00 EST 1920,FALSE,TRUE
Sun Apr 25 01:00:00 EST 1920,FALSE,TRUE
Mon Apr 26 01:00:00 EST 1920,FALSE,TRUE
Tue Apr 27 01:00:00 EST 1920,FALSE,TRUE
Wed Apr 28 01:00:00 EST 1920,FALSE,TRUE
Thu Apr 29 01:00:00 EST 1920,FALSE,TRUE
Fri Apr 30 01:00:00 EST 1920,FALSE,TRUE
Sat May 01 01:00:00 EST 1920,FALSE,TRUE
Sun May 02 01:00:00 EST 1920,FALSE,TRUE
Sun Sep 26 01:00:00 EST 1920,FALSE,TRUE
Mon Sep 27 01:00:00 EST 1920,FALSE,TRUE
Tue Sep 28 01:00:00 EST 1920,FALSE,TRUE
Wed Sep 29 01:00:00 EST 1920,FALSE,TRUE
Thu Sep 30 01:00:00 EST 1920,FALSE,TRUE
Fri Oct 01 01:00:00 EST 1920,FALSE,TRUE
Sat Oct 02 01:00:00 EST 1920,FALSE,TRUE
Sun Oct 03 01:00:00 EST 1920,FALSE,TRUE
Mon Oct 04 01:00:00 EST 1920,FALSE,TRUE
Tue Oct 05 01:00:00 EST 1920,FALSE,TRUE
Wed Oct 06 01:00:00 EST 1920,FALSE,TRUE
Thu Oct 07 01:00:00 EST 1920,FALSE,TRUE
Fri Oct 08 01:00:00 EST 1920,FALSE,TRUE
Sat Oct 09 01:00:00 EST 1920,FALSE,TRUE
Sun Oct 10 01:00:00 EST 1920,FALSE,TRUE
Mon Oct 11 01:00:00 EST 1920,FALSE,TRUE
Tue Oct 12 01:00:00 EST 1920,FALSE,TRUE
Wed Oct 13 01:00:00 EST 1920,FALSE,TRUE
Thu Oct 14 01:00:00 EST 1920,FALSE,TRUE
Fri Oct 15 01:00:00 EST 1920,FALSE,TRUE
Sat Oct 16 01:00:00 EST 1920,FALSE,TRUE
Sun Oct 17 01:00:00 EST 1920,FALSE,TRUE
Mon Oct 18 01:00:00 EST 1920,FALSE,TRUE
Tue Oct 19 01:00:00 EST 1920,FALSE,TRUE
Wed Oct 20 01:00:00 EST 1920,FALSE,TRUE
Thu Oct 21 01:00:00 EST 1920,FALSE,TRUE
Fri Oct 22 01:00:00 EST 1920,FALSE,TRUE
Sat Oct 23 01:00:00 EST 1920,FALSE,TRUE
Sun Oct 24 01:00:00 EST 1920,FALSE,TRUE
Mon Oct 25 01:00:00 EST 1920,FALSE,TRUE
Tue Oct 26 01:00:00 EST 1920,FALSE,TRUE
Wed Oct 27 01:00:00 EST 1920,FALSE,TRUE
Thu Oct 28 01:00:00 EST 1920,FALSE,TRUE
Fri Oct 29 01:00:00 EST 1920,FALSE,TRUE
Sat Oct 30 01:00:00 EST 1920,FALSE,TRUE
Mon Apr 25 01:00:00 EST 1921,FALSE,TRUE
Tue Apr 26 01:00:00 EST 1921,FALSE,TRUE
Wed Apr 27 01:00:00 EST 1921,FALSE,TRUE
Thu Apr 28 01:00:00 EST 1921,FALSE,TRUE
Fri Apr 29 01:00:00 EST 1921,FALSE,TRUE
Sat Apr 30 01:00:00 EST 1921,FALSE,TRUE
Sun May 01 01:00:00 EST 1921,FALSE,TRUE
Mon May 02 01:00:00 EST 1921,FALSE,TRUE
Tue May 03 01:00:00 EST 1921,FALSE,TRUE
Wed May 04 01:00:00 EST 1921,FALSE,TRUE
Thu May 05 01:00:00 EST 1921,FALSE,TRUE
Fri May 06 01:00:00 EST 1921,FALSE,TRUE
Sat May 07 01:00:00 EST 1921,FALSE,TRUE
Sun May 08 01:00:00 EST 1921,FALSE,TRUE
Mon May 09 01:00:00 EST 1921,FALSE,TRUE
Tue May 10 01:00:00 EST 1921,FALSE,TRUE
Wed May 11 01:00:00 EST 1921,FALSE,TRUE
Thu May 12 01:00:00 EST 1921,FALSE,TRUE
Fri May 13 01:00:00 EST 1921,FALSE,TRUE
Sat May 14 01:00:00 EST 1921,FALSE,TRUE
Sun May 15 01:00:00 EST 1921,FALSE,TRUE
Fri Sep 16 01:00:00 EST 1921,FALSE,TRUE
Sat Sep 17 01:00:00 EST 1921,FALSE,TRUE
Sun Sep 18 01:00:00 EST 1921,FALSE,TRUE
Mon Sep 19 01:00:00 EST 1921,FALSE,TRUE
Tue Sep 20 01:00:00 EST 1921,FALSE,TRUE
Wed Sep 21 01:00:00 EST 1921,FALSE,TRUE
Thu Sep 22 01:00:00 EST 1921,FALSE,TRUE
Fri Sep 23 01:00:00 EST 1921,FALSE,TRUE
Sat Sep 24 01:00:00 EST 1921,FALSE,TRUE
Mon May 01 01:00:00 EST 1922,FALSE,TRUE
Tue May 02 01:00:00 EST 1922,FALSE,TRUE
Wed May 03 01:00:00 EST 1922,FALSE,TRUE
Thu May 04 01:00:00 EST 1922,FALSE,TRUE
Fri May 05 01:00:00 EST 1922,FALSE,TRUE
Sat May 06 01:00:00 EST 1922,FALSE,TRUE
Sun May 07 01:00:00 EST 1922,FALSE,TRUE
Mon May 08 01:00:00 EST 1922,FALSE,TRUE
Tue May 09 01:00:00 EST 1922,FALSE,TRUE
Wed May 10 01:00:00 EST 1922,FALSE,TRUE
Thu May 11 01:00:00 EST 1922,FALSE,TRUE
Fri May 12 01:00:00 EST 1922,FALSE,TRUE
Sat May 13 01:00:00 EST 1922,FALSE,TRUE
Sun May 14 01:00:00 EST 1922,FALSE,TRUE
Mon Sep 18 01:00:00 EST 1922,FALSE,TRUE
Tue Sep 19 01:00:00 EST 1922,FALSE,TRUE
Wed Sep 20 01:00:00 EST 1922,FALSE,TRUE
Thu Sep 21 01:00:00 EST 1922,FALSE,TRUE
Fri Sep 22 01:00:00 EST 1922,FALSE,TRUE
Sat Sep 23 01:00:00 EST 1922,FALSE,TRUE
Mon Apr 30 01:00:00 EST 1923,FALSE,TRUE
Tue May 01 01:00:00 EST 1923,FALSE,TRUE
Wed May 02 01:00:00 EST 1923,FALSE,TRUE
Thu May 03 01:00:00 EST 1923,FALSE,TRUE
Fri May 04 01:00:00 EST 1923,FALSE,TRUE
Sat May 05 01:00:00 EST 1923,FALSE,TRUE
Sun May 06 01:00:00 EST 1923,FALSE,TRUE
Mon May 07 01:00:00 EST 1923,FALSE,TRUE
Tue May 08 01:00:00 EST 1923,FALSE,TRUE
Wed May 09 01:00:00 EST 1923,FALSE,TRUE
Thu May 10 01:00:00 EST 1923,FALSE,TRUE
Fri May 11 01:00:00 EST 1923,FALSE,TRUE
Sat May 12 01:00:00 EST 1923,FALSE,TRUE
Sun May 13 01:00:00 EST 1923,FALSE,TRUE
Mon Sep 17 01:00:00 EST 1923,FALSE,TRUE
Tue Sep 18 01:00:00 EST 1923,FALSE,TRUE
Wed Sep 19 01:00:00 EST 1923,FALSE,TRUE
Thu Sep 20 01:00:00 EST 1923,FALSE,TRUE
Fri Sep 21 01:00:00 EST 1923,FALSE,TRUE
Sat Sep 22 01:00:00 EST 1923,FALSE,TRUE
Sun Sep 23 01:00:00 EST 1923,FALSE,TRUE
Mon Sep 24 01:00:00 EST 1923,FALSE,TRUE
Tue Sep 25 01:00:00 EST 1923,FALSE,TRUE
Wed Sep 26 01:00:00 EST 1923,FALSE,TRUE
Thu Sep 27 01:00:00 EST 1923,FALSE,TRUE
Fri Sep 28 01:00:00 EST 1923,FALSE,TRUE
Sat Sep 29 01:00:00 EST 1923,FALSE,TRUE
Mon Apr 28 01:00:00 EST 1924,FALSE,TRUE
Tue Apr 29 01:00:00 EST 1924,FALSE,TRUE
Wed Apr 30 01:00:00 EST 1924,FALSE,TRUE
Thu May 01 01:00:00 EST 1924,FALSE,TRUE
Fri May 02 01:00:00 EST 1924,FALSE,TRUE
Sat May 03 01:00:00 EST 1924,FALSE,TRUE
Sun May 04 01:00:00 EST 1924,FALSE,TRUE
Mon Sep 22 01:00:00 EST 1924,FALSE,TRUE
Tue Sep 23 01:00:00 EST 1924,FALSE,TRUE
Wed Sep 24 01:00:00 EST 1924,FALSE,TRUE
Thu Sep 25 01:00:00 EST 1924,FALSE,TRUE
Fri Sep 26 01:00:00 EST 1924,FALSE,TRUE
Sat Sep 27 01:00:00 EST 1924,FALSE,TRUE
Mon Apr 27 01:00:00 EST 1925,FALSE,TRUE
Tue Apr 28 01:00:00 EST 1925,FALSE,TRUE
Wed Apr 29 01:00:00 EST 1925,FALSE,TRUE
Thu Apr 30 01:00:00 EST 1925,FALSE,TRUE
Fri May 01 01:00:00 EST 1925,FALSE,TRUE
Sat May 02 01:00:00 EST 1925,FALSE,TRUE
Sun May 03 01:00:00 EST 1925,FALSE,TRUE
Mon Sep 21 01:00:00 EST 1925,FALSE,TRUE
Tue Sep 22 01:00:00 EST 1925,FALSE,TRUE
Wed Sep 23 01:00:00 EST 1925,FALSE,TRUE
Thu Sep 24 01:00:00 EST 1925,FALSE,TRUE
Fri Sep 25 01:00:00 EST 1925,FALSE,TRUE
Sat Sep 26 01:00:00 EST 1925,FALSE,TRUE
Mon Apr 26 01:00:00 EST 1926,FALSE,TRUE
Tue Apr 27 01:00:00 EST 1926,FALSE,TRUE
Wed Apr 28 01:00:00 EST 1926,FALSE,TRUE
Thu Apr 29 01:00:00 EST 1926,FALSE,TRUE
Fri Apr 30 01:00:00 EST 1926,FALSE,TRUE
Sat May 01 01:00:00 EST 1926,FALSE,TRUE
Sun May 02 01:00:00 EST 1926,FALSE,TRUE
Mon Sep 20 01:00:00 EST 1926,FALSE,TRUE
Tue Sep 21 01:00:00 EST 1926,FALSE,TRUE
Wed Sep 22 01:00:00 EST 1926,FALSE,TRUE
Thu Sep 23 01:00:00 EST 1926,FALSE,TRUE
Fri Sep 24 01:00:00 EST 1926,FALSE,TRUE
Sat Sep 25 01:00:00 EST 1926,FALSE,TRUE
Mon Apr 25 01:00:00 EST 1927,FALSE,TRUE
Tue Apr 26 01:00:00 EST 1927,FALSE,TRUE
Wed Apr 27 01:00:00 EST 1927,FALSE,TRUE
Thu Apr 28 01:00:00 EST 1927,FALSE,TRUE
Fri Apr 29 01:00:00 EST 1927,FALSE,TRUE
Sat Apr 30 01:00:00 EST 1927,FALSE,TRUE
Sun May 01 01:00:00 EST 1927,FALSE,TRUE
Mon Apr 25 01:00:00 EST 1932,FALSE,TRUE
Tue Apr 26 01:00:00 EST 1932,FALSE,TRUE
Wed Apr 27 01:00:00 EST 1932,FALSE,TRUE
Thu Apr 28 01:00:00 EST 1932,FALSE,TRUE
Fri Apr 29 01:00:00 EST 1932,FALSE,TRUE
Sat Apr 30 01:00:00 EST 1932,FALSE,TRUE
Sun May 01 01:00:00 EST 1932,FALSE,TRUE
Mon Sep 25 01:00:00 EDT 1933,TRUE,FALSE
Tue Sep 26 01:00:00 EDT 1933,TRUE,FALSE
Wed Sep 27 01:00:00 EDT 1933,TRUE,FALSE
Thu Sep 28 01:00:00 EDT 1933,TRUE,FALSE
Fri Sep 29 01:00:00 EDT 1933,TRUE,FALSE
Sat Sep 30 01:00:00 EDT 1933,TRUE,FALSE
Sun Oct 01 01:00:00 EDT 1933,TRUE,FALSE
Mon Sep 30 01:00:00 EDT 1940,TRUE,FALSE
Tue Oct 01 01:00:00 EDT 1940,TRUE,FALSE
Wed Oct 02 01:00:00 EDT 1940,TRUE,FALSE
Thu Oct 03 01:00:00 EDT 1940,TRUE,FALSE
Fri Oct 04 01:00:00 EDT 1940,TRUE,FALSE
Sat Oct 05 01:00:00 EDT 1940,TRUE,FALSE
Sun Oct 06 01:00:00 EDT 1940,TRUE,FALSE
Mon Oct 07 01:00:00 EDT 1940,TRUE,FALSE
Tue Oct 08 01:00:00 EDT 1940,TRUE,FALSE
Wed Oct 09 01:00:00 EDT 1940,TRUE,FALSE
Thu Oct 10 01:00:00 EDT 1940,TRUE,FALSE
Fri Oct 11 01:00:00 EDT 1940,TRUE,FALSE
Sat Oct 12 01:00:00 EDT 1940,TRUE,FALSE
Sun Oct 13 01:00:00 EDT 1940,TRUE,FALSE
Mon Oct 14 01:00:00 EDT 1940,TRUE,FALSE
Tue Oct 15 01:00:00 EDT 1940,TRUE,FALSE
Wed Oct 16 01:00:00 EDT 1940,TRUE,FALSE
Thu Oct 17 01:00:00 EDT 1940,TRUE,FALSE
Fri Oct 18 01:00:00 EDT 1940,TRUE,FALSE
Sat Oct 19 01:00:00 EDT 1940,TRUE,FALSE
Sun Oct 20 01:00:00 EDT 1940,TRUE,FALSE
Mon Oct 21 01:00:00 EDT 1940,TRUE,FALSE
Tue Oct 22 01:00:00 EDT 1940,TRUE,FALSE
Wed Oct 23 01:00:00 EDT 1940,TRUE,FALSE
Thu Oct 24 01:00:00 EDT 1940,TRUE,FALSE
Fri Oct 25 01:00:00 EDT 1940,TRUE,FALSE
Sat Oct 26 01:00:00 EDT 1940,TRUE,FALSE
Sun Oct 27 01:00:00 EDT 1940,TRUE,FALSE
Mon Oct 28 01:00:00 EDT 1940,TRUE,FALSE
Tue Oct 29 01:00:00 EDT 1940,TRUE,FALSE
Wed Oct 30 01:00:00 EDT 1940,TRUE,FALSE
Thu Oct 31 01:00:00 EDT 1940,TRUE,FALSE
Fri Nov 01 01:00:00 EDT 1940,TRUE,FALSE
Sat Nov 02 01:00:00 EDT 1940,TRUE,FALSE
Sun Nov 03 01:00:00 EDT 1940,TRUE,FALSE
Mon Nov 04 01:00:00 EDT 1940,TRUE,FALSE
Tue Nov 05 01:00:00 EDT 1940,TRUE,FALSE
Wed Nov 06 01:00:00 EDT 1940,TRUE,FALSE
Thu Nov 07 01:00:00 EDT 1940,TRUE,FALSE
Fri Nov 08 01:00:00 EDT 1940,TRUE,FALSE
Sat Nov 09 01:00:00 EDT 1940,TRUE,FALSE
Sun Nov 10 01:00:00 EDT 1940,TRUE,FALSE
Mon Nov 11 01:00:00 EDT 1940,TRUE,FALSE
Tue Nov 12 01:00:00 EDT 1940,TRUE,FALSE
Wed Nov 13 01:00:00 EDT 1940,TRUE,FALSE
Thu Nov 14 01:00:00 EDT 1940,TRUE,FALSE
Fri Nov 15 01:00:00 EDT 1940,TRUE,FALSE
Sat Nov 16 01:00:00 EDT 1940,TRUE,FALSE
Sun Nov 17 01:00:00 EDT 1940,TRUE,FALSE
Mon Nov 18 01:00:00 EDT 1940,TRUE,FALSE
Tue Nov 19 01:00:00 EDT 1940,TRUE,FALSE
Wed Nov 20 01:00:00 EDT 1940,TRUE,FALSE
Thu Nov 21 01:00:00 EDT 1940,TRUE,FALSE
Fri Nov 22 01:00:00 EDT 1940,TRUE,FALSE
Sat Nov 23 01:00:00 EDT 1940,TRUE,FALSE
Sun Nov 24 01:00:00 EDT 1940,TRUE,FALSE
Mon Nov 25 01:00:00 EDT 1940,TRUE,FALSE
Tue Nov 26 01:00:00 EDT 1940,TRUE,FALSE
Wed Nov 27 01:00:00 EDT 1940,TRUE,FALSE
Thu Nov 28 01:00:00 EDT 1940,TRUE,FALSE
Fri Nov 29 01:00:00 EDT 1940,TRUE,FALSE
Sat Nov 30 01:00:00 EDT 1940,TRUE,FALSE
Sun Dec 01 01:00:00 EDT 1940,TRUE,FALSE
Mon Dec 02 01:00:00 EDT 1940,TRUE,FALSE
Tue Dec 03 01:00:00 EDT 1940,TRUE,FALSE
Wed Dec 04 01:00:00 EDT 1940,TRUE,FALSE
Thu Dec 05 01:00:00 EDT 1940,TRUE,FALSE
Fri Dec 06 01:00:00 EDT 1940,TRUE,FALSE
Sat Dec 07 01:00:00 EDT 1940,TRUE,FALSE
Sun Dec 08 01:00:00 EDT 1940,TRUE,FALSE
Mon Dec 09 01:00:00 EDT 1940,TRUE,FALSE
Tue Dec 10 01:00:00 EDT 1940,TRUE,FALSE
Wed Dec 11 01:00:00 EDT 1940,TRUE,FALSE
Thu Dec 12 01:00:00 EDT 1940,TRUE,FALSE
Fri Dec 13 01:00:00 EDT 1940,TRUE,FALSE
Sat Dec 14 01:00:00 EDT 1940,TRUE,FALSE
Sun Dec 15 01:00:00 EDT 1940,TRUE,FALSE
Mon Dec 16 01:00:00 EDT 1940,TRUE,FALSE
Tue Dec 17 01:00:00 EDT 1940,TRUE,FALSE
Wed Dec 18 01:00:00 EDT 1940,TRUE,FALSE
Thu Dec 19 01:00:00 EDT 1940,TRUE,FALSE
Fri Dec 20 01:00:00 EDT 1940,TRUE,FALSE
Sat Dec 21 01:00:00 EDT 1940,TRUE,FALSE
Sun Dec 22 01:00:00 EDT 1940,TRUE,FALSE
Mon Dec 23 01:00:00 EDT 1940,TRUE,FALSE
Tue Dec 24 01:00:00 EDT 1940,TRUE,FALSE
Wed Dec 25 01:00:00 EDT 1940,TRUE,FALSE
Thu Dec 26 01:00:00 EDT 1940,TRUE,FALSE
Fri Dec 27 01:00:00 EDT 1940,TRUE,FALSE
Sat Dec 28 01:00:00 EDT 1940,TRUE,FALSE
Sun Dec 29 01:00:00 EDT 1940,TRUE,FALSE
Mon Dec 30 01:00:00 EDT 1940,TRUE,FALSE
Tue Dec 31 01:00:00 EDT 1940,TRUE,FALSE
Wed Jan 01 01:00:00 EDT 1941,TRUE,FALSE
Thu Jan 02 01:00:00 EDT 1941,TRUE,FALSE
Fri Jan 03 01:00:00 EDT 1941,TRUE,FALSE
Sat Jan 04 01:00:00 EDT 1941,TRUE,FALSE
Sun Jan 05 01:00:00 EDT 1941,TRUE,FALSE
Mon Jan 06 01:00:00 EDT 1941,TRUE,FALSE
Tue Jan 07 01:00:00 EDT 1941,TRUE,FALSE
Wed Jan 08 01:00:00 EDT 1941,TRUE,FALSE
Thu Jan 09 01:00:00 EDT 1941,TRUE,FALSE
Fri Jan 10 01:00:00 EDT 1941,TRUE,FALSE
Sat Jan 11 01:00:00 EDT 1941,TRUE,FALSE
Sun Jan 12 01:00:00 EDT 1941,TRUE,FALSE
Mon Jan 13 01:00:00 EDT 1941,TRUE,FALSE
Tue Jan 14 01:00:00 EDT 1941,TRUE,FALSE
Wed Jan 15 01:00:00 EDT 1941,TRUE,FALSE
Thu Jan 16 01:00:00 EDT 1941,TRUE,FALSE
Fri Jan 17 01:00:00 EDT 1941,TRUE,FALSE
Sat Jan 18 01:00:00 EDT 1941,TRUE,FALSE
Sun Jan 19 01:00:00 EDT 1941,TRUE,FALSE
Mon Jan 20 01:00:00 EDT 1941,TRUE,FALSE
Tue Jan 21 01:00:00 EDT 1941,TRUE,FALSE
Wed Jan 22 01:00:00 EDT 1941,TRUE,FALSE
Thu Jan 23 01:00:00 EDT 1941,TRUE,FALSE
Fri Jan 24 01:00:00 EDT 1941,TRUE,FALSE
Sat Jan 25 01:00:00 EDT 1941,TRUE,FALSE
Sun Jan 26 01:00:00 EDT 1941,TRUE,FALSE
Mon Jan 27 01:00:00 EDT 1941,TRUE,FALSE
Tue Jan 28 01:00:00 EDT 1941,TRUE,FALSE
Wed Jan 29 01:00:00 EDT 1941,TRUE,FALSE
Thu Jan 30 01:00:00 EDT 1941,TRUE,FALSE
Fri Jan 31 01:00:00 EDT 1941,TRUE,FALSE
Sat Feb 01 01:00:00 EDT 1941,TRUE,FALSE
Sun Feb 02 01:00:00 EDT 1941,TRUE,FALSE
Mon Feb 03 01:00:00 EDT 1941,TRUE,FALSE
Tue Feb 04 01:00:00 EDT 1941,TRUE,FALSE
Wed Feb 05 01:00:00 EDT 1941,TRUE,FALSE
Thu Feb 06 01:00:00 EDT 1941,TRUE,FALSE
Fri Feb 07 01:00:00 EDT 1941,TRUE,FALSE
Sat Feb 08 01:00:00 EDT 1941,TRUE,FALSE
Sun Feb 09 01:00:00 EDT 1941,TRUE,FALSE
Mon Feb 10 01:00:00 EDT 1941,TRUE,FALSE
Tue Feb 11 01:00:00 EDT 1941,TRUE,FALSE
Wed Feb 12 01:00:00 EDT 1941,TRUE,FALSE
Thu Feb 13 01:00:00 EDT 1941,TRUE,FALSE
Fri Feb 14 01:00:00 EDT 1941,TRUE,FALSE
Sat Feb 15 01:00:00 EDT 1941,TRUE,FALSE
Sun Feb 16 01:00:00 EDT 1941,TRUE,FALSE
Mon Feb 17 01:00:00 EDT 1941,TRUE,FALSE
Tue Feb 18 01:00:00 EDT 1941,TRUE,FALSE
Wed Feb 19 01:00:00 EDT 1941,TRUE,FALSE
Thu Feb 20 01:00:00 EDT 1941,TRUE,FALSE
Fri Feb 21 01:00:00 EDT 1941,TRUE,FALSE
Sat Feb 22 01:00:00 EDT 1941,TRUE,FALSE
Sun Feb 23 01:00:00 EDT 1941,TRUE,FALSE
Mon Feb 24 01:00:00 EDT 1941,TRUE,FALSE
Tue Feb 25 01:00:00 EDT 1941,TRUE,FALSE
Wed Feb 26 01:00:00 EDT 1941,TRUE,FALSE
Thu Feb 27 01:00:00 EDT 1941,TRUE,FALSE
Fri Feb 28 01:00:00 EDT 1941,TRUE,FALSE
Sat Mar 01 01:00:00 EDT 1941,TRUE,FALSE
Sun Mar 02 01:00:00 EDT 1941,TRUE,FALSE
Mon Mar 03 01:00:00 EDT 1941,TRUE,FALSE
Tue Mar 04 01:00:00 EDT 1941,TRUE,FALSE
Wed Mar 05 01:00:00 EDT 1941,TRUE,FALSE
Thu Mar 06 01:00:00 EDT 1941,TRUE,FALSE
Fri Mar 07 01:00:00 EDT 1941,TRUE,FALSE
Sat Mar 08 01:00:00 EDT 1941,TRUE,FALSE
Sun Mar 09 01:00:00 EDT 1941,TRUE,FALSE
Mon Mar 10 01:00:00 EDT 1941,TRUE,FALSE
Tue Mar 11 01:00:00 EDT 1941,TRUE,FALSE
Wed Mar 12 01:00:00 EDT 1941,TRUE,FALSE
Thu Mar 13 01:00:00 EDT 1941,TRUE,FALSE
Fri Mar 14 01:00:00 EDT 1941,TRUE,FALSE
Sat Mar 15 01:00:00 EDT 1941,TRUE,FALSE
Sun Mar 16 01:00:00 EDT 1941,TRUE,FALSE
Mon Mar 17 01:00:00 EDT 1941,TRUE,FALSE
Tue Mar 18 01:00:00 EDT 1941,TRUE,FALSE
Wed Mar 19 01:00:00 EDT 1941,TRUE,FALSE
Thu Mar 20 01:00:00 EDT 1941,TRUE,FALSE
Fri Mar 21 01:00:00 EDT 1941,TRUE,FALSE
Sat Mar 22 01:00:00 EDT 1941,TRUE,FALSE
Sun Mar 23 01:00:00 EDT 1941,TRUE,FALSE
Mon Mar 24 01:00:00 EDT 1941,TRUE,FALSE
Tue Mar 25 01:00:00 EDT 1941,TRUE,FALSE
Wed Mar 26 01:00:00 EDT 1941,TRUE,FALSE
Thu Mar 27 01:00:00 EDT 1941,TRUE,FALSE
Fri Mar 28 01:00:00 EDT 1941,TRUE,FALSE
Sat Mar 29 01:00:00 EDT 1941,TRUE,FALSE
Sun Mar 30 01:00:00 EDT 1941,TRUE,FALSE
Mon Mar 31 01:00:00 EDT 1941,TRUE,FALSE
Tue Apr 01 01:00:00 EDT 1941,TRUE,FALSE
Wed Apr 02 01:00:00 EDT 1941,TRUE,FALSE
Thu Apr 03 01:00:00 EDT 1941,TRUE,FALSE
Fri Apr 04 01:00:00 EDT 1941,TRUE,FALSE
Sat Apr 05 01:00:00 EDT 1941,TRUE,FALSE
Sun Apr 06 01:00:00 EDT 1941,TRUE,FALSE
Mon Apr 07 01:00:00 EDT 1941,TRUE,FALSE
Tue Apr 08 01:00:00 EDT 1941,TRUE,FALSE
Wed Apr 09 01:00:00 EDT 1941,TRUE,FALSE
Thu Apr 10 01:00:00 EDT 1941,TRUE,FALSE
Fri Apr 11 01:00:00 EDT 1941,TRUE,FALSE
Sat Apr 12 01:00:00 EDT 1941,TRUE,FALSE
Sun Apr 13 01:00:00 EDT 1941,TRUE,FALSE
Mon Apr 14 01:00:00 EDT 1941,TRUE,FALSE
Tue Apr 15 01:00:00 EDT 1941,TRUE,FALSE
Wed Apr 16 01:00:00 EDT 1941,TRUE,FALSE
Thu Apr 17 01:00:00 EDT 1941,TRUE,FALSE
Fri Apr 18 01:00:00 EDT 1941,TRUE,FALSE
Sat Apr 19 01:00:00 EDT 1941,TRUE,FALSE
Sun Apr 20 01:00:00 EDT 1941,TRUE,FALSE
Mon Apr 21 01:00:00 EDT 1941,TRUE,FALSE
Tue Apr 22 01:00:00 EDT 1941,TRUE,FALSE
Wed Apr 23 01:00:00 EDT 1941,TRUE,FALSE
Thu Apr 24 01:00:00 EDT 1941,TRUE,FALSE
Fri Apr 25 01:00:00 EDT 1941,TRUE,FALSE
Sat Apr 26 01:00:00 EDT 1941,TRUE,FALSE
Sun Apr 27 01:00:00 EDT 1941,TRUE,FALSE
Mon Sep 29 01:00:00 EDT 1941,TRUE,FALSE
Tue Sep 30 01:00:00 EDT 1941,TRUE,FALSE
Wed Oct 01 01:00:00 EDT 1941,TRUE,FALSE
Thu Oct 02 01:00:00 EDT 1941,TRUE,FALSE
Fri Oct 03 01:00:00 EDT 1941,TRUE,FALSE
Sat Oct 04 01:00:00 EDT 1941,TRUE,FALSE
Sun Oct 05 01:00:00 EDT 1941,TRUE,FALSE
Mon Oct 06 01:00:00 EDT 1941,TRUE,FALSE
Tue Oct 07 01:00:00 EDT 1941,TRUE,FALSE
Wed Oct 08 01:00:00 EDT 1941,TRUE,FALSE
Thu Oct 09 01:00:00 EDT 1941,TRUE,FALSE
Fri Oct 10 01:00:00 EDT 1941,TRUE,FALSE
Sat Oct 11 01:00:00 EDT 1941,TRUE,FALSE
Sun Oct 12 01:00:00 EDT 1941,TRUE,FALSE
Mon Oct 13 01:00:00 EDT 1941,TRUE,FALSE
Tue Oct 14 01:00:00 EDT 1941,TRUE,FALSE
Wed Oct 15 01:00:00 EDT 1941,TRUE,FALSE
Thu Oct 16 01:00:00 EDT 1941,TRUE,FALSE
Fri Oct 17 01:00:00 EDT 1941,TRUE,FALSE
Sat Oct 18 01:00:00 EDT 1941,TRUE,FALSE
Sun Oct 19 01:00:00 EDT 1941,TRUE,FALSE
Mon Oct 20 01:00:00 EDT 1941,TRUE,FALSE
Tue Oct 21 01:00:00 EDT 1941,TRUE,FALSE
Wed Oct 22 01:00:00 EDT 1941,TRUE,FALSE
Thu Oct 23 01:00:00 EDT 1941,TRUE,FALSE
Fri Oct 24 01:00:00 EDT 1941,TRUE,FALSE
Sat Oct 25 01:00:00 EDT 1941,TRUE,FALSE
Sun Oct 26 01:00:00 EDT 1941,TRUE,FALSE
Mon Oct 27 01:00:00 EDT 1941,TRUE,FALSE
Tue Oct 28 01:00:00 EDT 1941,TRUE,FALSE
Wed Oct 29 01:00:00 EDT 1941,TRUE,FALSE
Thu Oct 30 01:00:00 EDT 1941,TRUE,FALSE
Fri Oct 31 01:00:00 EDT 1941,TRUE,FALSE
Sat Nov 01 01:00:00 EDT 1941,TRUE,FALSE
Sun Nov 02 01:00:00 EDT 1941,TRUE,FALSE
Mon Nov 03 01:00:00 EDT 1941,TRUE,FALSE
Tue Nov 04 01:00:00 EDT 1941,TRUE,FALSE
Wed Nov 05 01:00:00 EDT 1941,TRUE,FALSE
Thu Nov 06 01:00:00 EDT 1941,TRUE,FALSE
Fri Nov 07 01:00:00 EDT 1941,TRUE,FALSE
Sat Nov 08 01:00:00 EDT 1941,TRUE,FALSE
Sun Nov 09 01:00:00 EDT 1941,TRUE,FALSE
Mon Nov 10 01:00:00 EDT 1941,TRUE,FALSE
Tue Nov 11 01:00:00 EDT 1941,TRUE,FALSE
Wed Nov 12 01:00:00 EDT 1941,TRUE,FALSE
Thu Nov 13 01:00:00 EDT 1941,TRUE,FALSE
Fri Nov 14 01:00:00 EDT 1941,TRUE,FALSE
Sat Nov 15 01:00:00 EDT 1941,TRUE,FALSE
Sun Nov 16 01:00:00 EDT 1941,TRUE,FALSE
Mon Nov 17 01:00:00 EDT 1941,TRUE,FALSE
Tue Nov 18 01:00:00 EDT 1941,TRUE,FALSE
Wed Nov 19 01:00:00 EDT 1941,TRUE,FALSE
Thu Nov 20 01:00:00 EDT 1941,TRUE,FALSE
Fri Nov 21 01:00:00 EDT 1941,TRUE,FALSE
Sat Nov 22 01:00:00 EDT 1941,TRUE,FALSE
Sun Nov 23 01:00:00 EDT 1941,TRUE,FALSE
Mon Nov 24 01:00:00 EDT 1941,TRUE,FALSE
Tue Nov 25 01:00:00 EDT 1941,TRUE,FALSE
Wed Nov 26 01:00:00 EDT 1941,TRUE,FALSE
Thu Nov 27 01:00:00 EDT 1941,TRUE,FALSE
Fri Nov 28 01:00:00 EDT 1941,TRUE,FALSE
Sat Nov 29 01:00:00 EDT 1941,TRUE,FALSE
Sun Nov 30 01:00:00 EDT 1941,TRUE,FALSE
Mon Dec 01 01:00:00 EDT 1941,TRUE,FALSE
Tue Dec 02 01:00:00 EDT 1941,TRUE,FALSE
Wed Dec 03 01:00:00 EDT 1941,TRUE,FALSE
Thu Dec 04 01:00:00 EDT 1941,TRUE,FALSE
Fri Dec 05 01:00:00 EDT 1941,TRUE,FALSE
Sat Dec 06 01:00:00 EDT 1941,TRUE,FALSE
Sun Dec 07 01:00:00 EDT 1941,TRUE,FALSE
Mon Dec 08 01:00:00 EDT 1941,TRUE,FALSE
Tue Dec 09 01:00:00 EDT 1941,TRUE,FALSE
Wed Dec 10 01:00:00 EDT 1941,TRUE,FALSE
Thu Dec 11 01:00:00 EDT 1941,TRUE,FALSE
Fri Dec 12 01:00:00 EDT 1941,TRUE,FALSE
Sat Dec 13 01:00:00 EDT 1941,TRUE,FALSE
Sun Dec 14 01:00:00 EDT 1941,TRUE,FALSE
Mon Dec 15 01:00:00 EDT 1941,TRUE,FALSE
Tue Dec 16 01:00:00 EDT 1941,TRUE,FALSE
Wed Dec 17 01:00:00 EDT 1941,TRUE,FALSE
Thu Dec 18 01:00:00 EDT 1941,TRUE,FALSE
Fri Dec 19 01:00:00 EDT 1941,TRUE,FALSE
Sat Dec 20 01:00:00 EDT 1941,TRUE,FALSE
Sun Dec 21 01:00:00 EDT 1941,TRUE,FALSE
Mon Dec 22 01:00:00 EDT 1941,TRUE,FALSE
Tue Dec 23 01:00:00 EDT 1941,TRUE,FALSE
Wed Dec 24 01:00:00 EDT 1941,TRUE,FALSE
Thu Dec 25 01:00:00 EDT 1941,TRUE,FALSE
Fri Dec 26 01:00:00 EDT 1941,TRUE,FALSE
Sat Dec 27 01:00:00 EDT 1941,TRUE,FALSE
Sun Dec 28 01:00:00 EDT 1941,TRUE,FALSE
Mon Dec 29 01:00:00 EDT 1941,TRUE,FALSE
Tue Dec 30 01:00:00 EDT 1941,TRUE,FALSE
Wed Dec 31 01:00:00 EDT 1941,TRUE,FALSE
Thu Jan 01 01:00:00 EDT 1942,TRUE,FALSE
Fri Jan 02 01:00:00 EDT 1942,TRUE,FALSE
Sat Jan 03 01:00:00 EDT 1942,TRUE,FALSE
Sun Jan 04 01:00:00 EDT 1942,TRUE,FALSE
Mon Jan 05 01:00:00 EDT 1942,TRUE,FALSE
Tue Jan 06 01:00:00 EDT 1942,TRUE,FALSE
Wed Jan 07 01:00:00 EDT 1942,TRUE,FALSE
Thu Jan 08 01:00:00 EDT 1942,TRUE,FALSE
Fri Jan 09 01:00:00 EDT 1942,TRUE,FALSE
Sat Jan 10 01:00:00 EDT 1942,TRUE,FALSE
Sun Jan 11 01:00:00 EDT 1942,TRUE,FALSE
Mon Jan 12 01:00:00 EDT 1942,TRUE,FALSE
Tue Jan 13 01:00:00 EDT 1942,TRUE,FALSE
Wed Jan 14 01:00:00 EDT 1942,TRUE,FALSE
Thu Jan 15 01:00:00 EDT 1942,TRUE,FALSE
Fri Jan 16 01:00:00 EDT 1942,TRUE,FALSE
Sat Jan 17 01:00:00 EDT 1942,TRUE,FALSE
Sun Jan 18 01:00:00 EDT 1942,TRUE,FALSE
Mon Jan 19 01:00:00 EDT 1942,TRUE,FALSE
Tue Jan 20 01:00:00 EDT 1942,TRUE,FALSE
Wed Jan 21 01:00:00 EDT 1942,TRUE,FALSE
Thu Jan 22 01:00:00 EDT 1942,TRUE,FALSE
Fri Jan 23 01:00:00 EDT 1942,TRUE,FALSE
Sat Jan 24 01:00:00 EDT 1942,TRUE,FALSE
Sun Jan 25 01:00:00 EDT 1942,TRUE,FALSE
Mon Jan 26 01:00:00 EDT 1942,TRUE,FALSE
Tue Jan 27 01:00:00 EDT 1942,TRUE,FALSE
Wed Jan 28 01:00:00 EDT 1942,TRUE,FALSE
Thu Jan 29 01:00:00 EDT 1942,TRUE,FALSE
Fri Jan 30 01:00:00 EDT 1942,TRUE,FALSE
Sat Jan 31 01:00:00 EDT 1942,TRUE,FALSE
Sun Feb 01 01:00:00 EDT 1942,TRUE,FALSE
Mon Feb 02 01:00:00 EDT 1942,TRUE,FALSE
Tue Feb 03 01:00:00 EDT 1942,TRUE,FALSE
Wed Feb 04 01:00:00 EDT 1942,TRUE,FALSE
Thu Feb 05 01:00:00 EDT 1942,TRUE,FALSE
Fri Feb 06 01:00:00 EDT 1942,TRUE,FALSE
Sat Feb 07 01:00:00 EDT 1942,TRUE,FALSE
Sun Feb 08 01:00:00 EDT 1942,TRUE,FALSE
Mon Feb 09 01:00:00 EDT 1942,TRUE,FALSE
Sun Apr 27 01:00:00 EDT 1947,TRUE,FALSE
Sun Apr 25 01:00:00 EDT 1948,TRUE,FALSE
Sun Apr 24 01:00:00 EDT 1949,TRUE,FALSE
Mon Sep 26 01:00:00 EDT 1949,TRUE,FALSE
Tue Sep 27 01:00:00 EDT 1949,TRUE,FALSE
Wed Sep 28 01:00:00 EDT 1949,TRUE,FALSE
Thu Sep 29 01:00:00 EDT 1949,TRUE,FALSE
Fri Sep 30 01:00:00 EDT 1949,TRUE,FALSE
Sat Oct 01 01:00:00 EDT 1949,TRUE,FALSE
Sun Oct 02 01:00:00 EDT 1949,TRUE,FALSE
Mon Oct 03 01:00:00 EDT 1949,TRUE,FALSE
Tue Oct 04 01:00:00 EDT 1949,TRUE,FALSE
Wed Oct 05 01:00:00 EDT 1949,TRUE,FALSE
Thu Oct 06 01:00:00 EDT 1949,TRUE,FALSE
Fri Oct 07 01:00:00 EDT 1949,TRUE,FALSE
Sat Oct 08 01:00:00 EDT 1949,TRUE,FALSE
Sun Oct 09 01:00:00 EDT 1949,TRUE,FALSE
Mon Oct 10 01:00:00 EDT 1949,TRUE,FALSE
Tue Oct 11 01:00:00 EDT 1949,TRUE,FALSE
Wed Oct 12 01:00:00 EDT 1949,TRUE,FALSE
Thu Oct 13 01:00:00 EDT 1949,TRUE,FALSE
Fri Oct 14 01:00:00 EDT 1949,TRUE,FALSE
Sat Oct 15 01:00:00 EDT 1949,TRUE,FALSE
Sun Oct 16 01:00:00 EDT 1949,TRUE,FALSE
Mon Oct 17 01:00:00 EDT 1949,TRUE,FALSE
Tue Oct 18 01:00:00 EDT 1949,TRUE,FALSE
Wed Oct 19 01:00:00 EDT 1949,TRUE,FALSE
Thu Oct 20 01:00:00 EDT 1949,TRUE,FALSE
Fri Oct 21 01:00:00 EDT 1949,TRUE,FALSE
Sat Oct 22 01:00:00 EDT 1949,TRUE,FALSE
Sun Oct 23 01:00:00 EDT 1949,TRUE,FALSE
Mon Oct 24 01:00:00 EDT 1949,TRUE,FALSE
Tue Oct 25 01:00:00 EDT 1949,TRUE,FALSE
Wed Oct 26 01:00:00 EDT 1949,TRUE,FALSE
Thu Oct 27 01:00:00 EDT 1949,TRUE,FALSE
Fri Oct 28 01:00:00 EDT 1949,TRUE,FALSE
Sat Oct 29 01:00:00 EDT 1949,TRUE,FALSE
Sun Oct 30 01:00:00 EDT 1949,TRUE,FALSE
Mon Oct 31 01:00:00 EDT 1949,TRUE,FALSE
Tue Nov 01 01:00:00 EDT 1949,TRUE,FALSE
Wed Nov 02 01:00:00 EDT 1949,TRUE,FALSE
Thu Nov 03 01:00:00 EDT 1949,TRUE,FALSE
Fri Nov 04 01:00:00 EDT 1949,TRUE,FALSE
Sat Nov 05 01:00:00 EDT 1949,TRUE,FALSE
Sun Nov 06 01:00:00 EDT 1949,TRUE,FALSE
Mon Nov 07 01:00:00 EDT 1949,TRUE,FALSE
Tue Nov 08 01:00:00 EDT 1949,TRUE,FALSE
Wed Nov 09 01:00:00 EDT 1949,TRUE,FALSE
Thu Nov 10 01:00:00 EDT 1949,TRUE,FALSE
Fri Nov 11 01:00:00 EDT 1949,TRUE,FALSE
Sat Nov 12 01:00:00 EDT 1949,TRUE,FALSE
Sun Nov 13 01:00:00 EDT 1949,TRUE,FALSE
Mon Nov 14 01:00:00 EDT 1949,TRUE,FALSE
Tue Nov 15 01:00:00 EDT 1949,TRUE,FALSE
Wed Nov 16 01:00:00 EDT 1949,TRUE,FALSE
Thu Nov 17 01:00:00 EDT 1949,TRUE,FALSE
Fri Nov 18 01:00:00 EDT 1949,TRUE,FALSE
Sat Nov 19 01:00:00 EDT 1949,TRUE,FALSE
Sun Nov 20 01:00:00 EDT 1949,TRUE,FALSE
Mon Nov 21 01:00:00 EDT 1949,TRUE,FALSE
Tue Nov 22 01:00:00 EDT 1949,TRUE,FALSE
Wed Nov 23 01:00:00 EDT 1949,TRUE,FALSE
Thu Nov 24 01:00:00 EDT 1949,TRUE,FALSE
Fri Nov 25 01:00:00 EDT 1949,TRUE,FALSE
Sat Nov 26 01:00:00 EDT 1949,TRUE,FALSE
Mon Sep 25 01:00:00 EDT 1950,TRUE,FALSE
Tue Sep 26 01:00:00 EDT 1950,TRUE,FALSE
Wed Sep 27 01:00:00 EDT 1950,TRUE,FALSE
Thu Sep 28 01:00:00 EDT 1950,TRUE,FALSE
Fri Sep 29 01:00:00 EDT 1950,TRUE,FALSE
Sat Sep 30 01:00:00 EDT 1950,TRUE,FALSE
Sun Oct 01 01:00:00 EDT 1950,TRUE,FALSE
Mon Oct 02 01:00:00 EDT 1950,TRUE,FALSE
Tue Oct 03 01:00:00 EDT 1950,TRUE,FALSE
Wed Oct 04 01:00:00 EDT 1950,TRUE,FALSE
Thu Oct 05 01:00:00 EDT 1950,TRUE,FALSE
Fri Oct 06 01:00:00 EDT 1950,TRUE,FALSE
Sat Oct 07 01:00:00 EDT 1950,TRUE,FALSE
Sun Oct 08 01:00:00 EDT 1950,TRUE,FALSE
Mon Oct 09 01:00:00 EDT 1950,TRUE,FALSE
Tue Oct 10 01:00:00 EDT 1950,TRUE,FALSE
Wed Oct 11 01:00:00 EDT 1950,TRUE,FALSE
Thu Oct 12 01:00:00 EDT 1950,TRUE,FALSE
Fri Oct 13 01:00:00 EDT 1950,TRUE,FALSE
Sat Oct 14 01:00:00 EDT 1950,TRUE,FALSE
Sun Oct 15 01:00:00 EDT 1950,TRUE,FALSE
Mon Oct 16 01:00:00 EDT 1950,TRUE,FALSE
Tue Oct 17 01:00:00 EDT 1950,TRUE,FALSE
Wed Oct 18 01:00:00 EDT 1950,TRUE,FALSE
Thu Oct 19 01:00:00 EDT 1950,TRUE,FALSE
Fri Oct 20 01:00:00 EDT 1950,TRUE,FALSE
Sat Oct 21 01:00:00 EDT 1950,TRUE,FALSE
Sun Oct 22 01:00:00 EDT 1950,TRUE,FALSE
Mon Oct 23 01:00:00 EDT 1950,TRUE,FALSE
Tue Oct 24 01:00:00 EDT 1950,TRUE,FALSE
Wed Oct 25 01:00:00 EDT 1950,TRUE,FALSE
Thu Oct 26 01:00:00 EDT 1950,TRUE,FALSE
Fri Oct 27 01:00:00 EDT 1950,TRUE,FALSE
Sat Oct 28 01:00:00 EDT 1950,TRUE,FALSE
Sun Oct 29 01:00:00 EDT 1950,TRUE,FALSE
Mon Oct 30 01:00:00 EDT 1950,TRUE,FALSE
Tue Oct 31 01:00:00 EDT 1950,TRUE,FALSE
Wed Nov 01 01:00:00 EDT 1950,TRUE,FALSE
Thu Nov 02 01:00:00 EDT 1950,TRUE,FALSE
Fri Nov 03 01:00:00 EDT 1950,TRUE,FALSE
Sat Nov 04 01:00:00 EDT 1950,TRUE,FALSE
Sun Nov 05 01:00:00 EDT 1950,TRUE,FALSE
Mon Nov 06 01:00:00 EDT 1950,TRUE,FALSE
Tue Nov 07 01:00:00 EDT 1950,TRUE,FALSE
Wed Nov 08 01:00:00 EDT 1950,TRUE,FALSE
Thu Nov 09 01:00:00 EDT 1950,TRUE,FALSE
Fri Nov 10 01:00:00 EDT 1950,TRUE,FALSE
Sat Nov 11 01:00:00 EDT 1950,TRUE,FALSE
Sun Nov 12 01:00:00 EDT 1950,TRUE,FALSE
Mon Nov 13 01:00:00 EDT 1950,TRUE,FALSE
Tue Nov 14 01:00:00 EDT 1950,TRUE,FALSE
Wed Nov 15 01:00:00 EDT 1950,TRUE,FALSE
Thu Nov 16 01:00:00 EDT 1950,TRUE,FALSE
Fri Nov 17 01:00:00 EDT 1950,TRUE,FALSE
Sat Nov 18 01:00:00 EDT 1950,TRUE,FALSE
Sun Nov 19 01:00:00 EDT 1950,TRUE,FALSE
Mon Nov 20 01:00:00 EDT 1950,TRUE,FALSE
Tue Nov 21 01:00:00 EDT 1950,TRUE,FALSE
Wed Nov 22 01:00:00 EDT 1950,TRUE,FALSE
Thu Nov 23 01:00:00 EDT 1950,TRUE,FALSE
Fri Nov 24 01:00:00 EDT 1950,TRUE,FALSE
Sat Nov 25 01:00:00 EDT 1950,TRUE,FALSE
Sun Nov 26 01:00:00 EDT 1950,TRUE,FALSE
Mon Sep 26 01:00:00 EST 1955,FALSE,TRUE
Tue Sep 27 01:00:00 EST 1955,FALSE,TRUE
Wed Sep 28 01:00:00 EST 1955,FALSE,TRUE
Thu Sep 29 01:00:00 EST 1955,FALSE,TRUE
Fri Sep 30 01:00:00 EST 1955,FALSE,TRUE
Sat Oct 01 01:00:00 EST 1955,FALSE,TRUE
Sun Oct 02 01:00:00 EST 1955,FALSE,TRUE
Mon Oct 03 01:00:00 EST 1955,FALSE,TRUE
Tue Oct 04 01:00:00 EST 1955,FALSE,TRUE
Wed Oct 05 01:00:00 EST 1955,FALSE,TRUE
Thu Oct 06 01:00:00 EST 1955,FALSE,TRUE
Fri Oct 07 01:00:00 EST 1955,FALSE,TRUE
Sat Oct 08 01:00:00 EST 1955,FALSE,TRUE
Sun Oct 09 01:00:00 EST 1955,FALSE,TRUE
Mon Oct 10 01:00:00 EST 1955,FALSE,TRUE
Tue Oct 11 01:00:00 EST 1955,FALSE,TRUE
Wed Oct 12 01:00:00 EST 1955,FALSE,TRUE
Thu Oct 13 01:00:00 EST 1955,FALSE,TRUE
Fri Oct 14 01:00:00 EST 1955,FALSE,TRUE
Sat Oct 15 01:00:00 EST 1955,FALSE,TRUE
Sun Oct 16 01:00:00 EST 1955,FALSE,TRUE
Mon Oct 17 01:00:00 EST 1955,FALSE,TRUE
Tue Oct 18 01:00:00 EST 1955,FALSE,TRUE
Wed Oct 19 01:00:00 EST 1955,FALSE,TRUE
Thu Oct 20 01:00:00 EST 1955,FALSE,TRUE
Fri Oct 21 01:00:00 EST 1955,FALSE,TRUE
Sat Oct 22 01:00:00 EST 1955,FALSE,TRUE
Sun Oct 23 01:00:00 EST 1955,FALSE,TRUE
Mon Oct 24 01:00:00 EST 1955,FALSE,TRUE
Tue Oct 25 01:00:00 EST 1955,FALSE,TRUE
Wed Oct 26 01:00:00 EST 1955,FALSE,TRUE
Thu Oct 27 01:00:00 EST 1955,FALSE,TRUE
Fri Oct 28 01:00:00 EST 1955,FALSE,TRUE
Sat Oct 29 01:00:00 EST 1955,FALSE,TRUE
Mon Oct 01 01:00:00 EST 1956,FALSE,TRUE
Tue Oct 02 01:00:00 EST 1956,FALSE,TRUE
Wed Oct 03 01:00:00 EST 1956,FALSE,TRUE
Thu Oct 04 01:00:00 EST 1956,FALSE,TRUE
Fri Oct 05 01:00:00 EST 1956,FALSE,TRUE
Sat Oct 06 01:00:00 EST 1956,FALSE,TRUE
Sun Oct 07 01:00:00 EST 1956,FALSE,TRUE
Mon Oct 08 01:00:00 EST 1956,FALSE,TRUE
Tue Oct 09 01:00:00 EST 1956,FALSE,TRUE
Wed Oct 10 01:00:00 EST 1956,FALSE,TRUE
Thu Oct 11 01:00:00 EST 1956,FALSE,TRUE
Fri Oct 12 01:00:00 EST 1956,FALSE,TRUE
Sat Oct 13 01:00:00 EST 1956,FALSE,TRUE
Sun Oct 14 01:00:00 EST 1956,FALSE,TRUE
Mon Oct 15 01:00:00 EST 1956,FALSE,TRUE
Tue Oct 16 01:00:00 EST 1956,FALSE,TRUE
Wed Oct 17 01:00:00 EST 1956,FALSE,TRUE
Thu Oct 18 01:00:00 EST 1956,FALSE,TRUE
Fri Oct 19 01:00:00 EST 1956,FALSE,TRUE
Sat Oct 20 01:00:00 EST 1956,FALSE,TRUE
Sun Oct 21 01:00:00 EST 1956,FALSE,TRUE
Mon Oct 22 01:00:00 EST 1956,FALSE,TRUE
Tue Oct 23 01:00:00 EST 1956,FALSE,TRUE
Wed Oct 24 01:00:00 EST 1956,FALSE,TRUE
Thu Oct 25 01:00:00 EST 1956,FALSE,TRUE
Fri Oct 26 01:00:00 EST 1956,FALSE,TRUE
Sat Oct 27 01:00:00 EST 1956,FALSE,TRUE
Mon Jan 07 01:00:00 EST 1974,FALSE,TRUE
Tue Jan 08 01:00:00 EST 1974,FALSE,TRUE
Wed Jan 09 01:00:00 EST 1974,FALSE,TRUE
Thu Jan 10 01:00:00 EST 1974,FALSE,TRUE
Fri Jan 11 01:00:00 EST 1974,FALSE,TRUE
Sat Jan 12 01:00:00 EST 1974,FALSE,TRUE
Sun Jan 13 01:00:00 EST 1974,FALSE,TRUE
Mon Jan 14 01:00:00 EST 1974,FALSE,TRUE
Tue Jan 15 01:00:00 EST 1974,FALSE,TRUE
Wed Jan 16 01:00:00 EST 1974,FALSE,TRUE
Thu Jan 17 01:00:00 EST 1974,FALSE,TRUE
Fri Jan 18 01:00:00 EST 1974,FALSE,TRUE
Sat Jan 19 01:00:00 EST 1974,FALSE,TRUE
Sun Jan 20 01:00:00 EST 1974,FALSE,TRUE
Mon Jan 21 01:00:00 EST 1974,FALSE,TRUE
Tue Jan 22 01:00:00 EST 1974,FALSE,TRUE
Wed Jan 23 01:00:00 EST 1974,FALSE,TRUE
Thu Jan 24 01:00:00 EST 1974,FALSE,TRUE
Fri Jan 25 01:00:00 EST 1974,FALSE,TRUE
Sat Jan 26 01:00:00 EST 1974,FALSE,TRUE
Sun Jan 27 01:00:00 EST 1974,FALSE,TRUE
Mon Jan 28 01:00:00 EST 1974,FALSE,TRUE
Tue Jan 29 01:00:00 EST 1974,FALSE,TRUE
Wed Jan 30 01:00:00 EST 1974,FALSE,TRUE
Thu Jan 31 01:00:00 EST 1974,FALSE,TRUE
Fri Feb 01 01:00:00 EST 1974,FALSE,TRUE
Sat Feb 02 01:00:00 EST 1974,FALSE,TRUE
Sun Feb 03 01:00:00 EST 1974,FALSE,TRUE
Mon Feb 04 01:00:00 EST 1974,FALSE,TRUE
Tue Feb 05 01:00:00 EST 1974,FALSE,TRUE
Wed Feb 06 01:00:00 EST 1974,FALSE,TRUE
Thu Feb 07 01:00:00 EST 1974,FALSE,TRUE
Fri Feb 08 01:00:00 EST 1974,FALSE,TRUE
Sat Feb 09 01:00:00 EST 1974,FALSE,TRUE
Sun Feb 10 01:00:00 EST 1974,FALSE,TRUE
Mon Feb 11 01:00:00 EST 1974,FALSE,TRUE
Tue Feb 12 01:00:00 EST 1974,FALSE,TRUE
Wed Feb 13 01:00:00 EST 1974,FALSE,TRUE
Thu Feb 14 01:00:00 EST 1974,FALSE,TRUE
Fri Feb 15 01:00:00 EST 1974,FALSE,TRUE
Sat Feb 16 01:00:00 EST 1974,FALSE,TRUE
Sun Feb 17 01:00:00 EST 1974,FALSE,TRUE
Mon Feb 18 01:00:00 EST 1974,FALSE,TRUE
Tue Feb 19 01:00:00 EST 1974,FALSE,TRUE
Wed Feb 20 01:00:00 EST 1974,FALSE,TRUE
Thu Feb 21 01:00:00 EST 1974,FALSE,TRUE
Fri Feb 22 01:00:00 EST 1974,FALSE,TRUE
Sat Feb 23 01:00:00 EST 1974,FALSE,TRUE
Sun Feb 24 01:00:00 EST 1974,FALSE,TRUE
Mon Feb 25 01:00:00 EST 1974,FALSE,TRUE
Tue Feb 26 01:00:00 EST 1974,FALSE,TRUE
Wed Feb 27 01:00:00 EST 1974,FALSE,TRUE
Thu Feb 28 01:00:00 EST 1974,FALSE,TRUE
Fri Mar 01 01:00:00 EST 1974,FALSE,TRUE
Sat Mar 02 01:00:00 EST 1974,FALSE,TRUE
Sun Mar 03 01:00:00 EST 1974,FALSE,TRUE
Mon Mar 04 01:00:00 EST 1974,FALSE,TRUE
Tue Mar 05 01:00:00 EST 1974,FALSE,TRUE
Wed Mar 06 01:00:00 EST 1974,FALSE,TRUE
Thu Mar 07 01:00:00 EST 1974,FALSE,TRUE
Fri Mar 08 01:00:00 EST 1974,FALSE,TRUE
Sat Mar 09 01:00:00 EST 1974,FALSE,TRUE
Sun Mar 10 01:00:00 EST 1974,FALSE,TRUE
Mon Mar 11 01:00:00 EST 1974,FALSE,TRUE
Tue Mar 12 01:00:00 EST 1974,FALSE,TRUE
Wed Mar 13 01:00:00 EST 1974,FALSE,TRUE
Thu Mar 14 01:00:00 EST 1974,FALSE,TRUE
Fri Mar 15 01:00:00 EST 1974,FALSE,TRUE
Sat Mar 16 01:00:00 EST 1974,FALSE,TRUE
Sun Mar 17 01:00:00 EST 1974,FALSE,TRUE
Mon Mar 18 01:00:00 EST 1974,FALSE,TRUE
Tue Mar 19 01:00:00 EST 1974,FALSE,TRUE
Wed Mar 20 01:00:00 EST 1974,FALSE,TRUE
Thu Mar 21 01:00:00 EST 1974,FALSE,TRUE
Fri Mar 22 01:00:00 EST 1974,FALSE,TRUE
Sat Mar 23 01:00:00 EST 1974,FALSE,TRUE
Sun Mar 24 01:00:00 EST 1974,FALSE,TRUE
Mon Mar 25 01:00:00 EST 1974,FALSE,TRUE
Tue Mar 26 01:00:00 EST 1974,FALSE,TRUE
Wed Mar 27 01:00:00 EST 1974,FALSE,TRUE
Thu Mar 28 01:00:00 EST 1974,FALSE,TRUE
Fri Mar 29 01:00:00 EST 1974,FALSE,TRUE
Sat Mar 30 01:00:00 EST 1974,FALSE,TRUE
Sun Mar 31 01:00:00 EST 1974,FALSE,TRUE
Mon Apr 01 01:00:00 EST 1974,FALSE,TRUE
Tue Apr 02 01:00:00 EST 1974,FALSE,TRUE
Wed Apr 03 01:00:00 EST 1974,FALSE,TRUE
Thu Apr 04 01:00:00 EST 1974,FALSE,TRUE
Fri Apr 05 01:00:00 EST 1974,FALSE,TRUE
Sat Apr 06 01:00:00 EST 1974,FALSE,TRUE
Sun Apr 07 01:00:00 EST 1974,FALSE,TRUE
Mon Apr 08 01:00:00 EST 1974,FALSE,TRUE
Tue Apr 09 01:00:00 EST 1974,FALSE,TRUE
Wed Apr 10 01:00:00 EST 1974,FALSE,TRUE
Thu Apr 11 01:00:00 EST 1974,FALSE,TRUE
Fri Apr 12 01:00:00 EST 1974,FALSE,TRUE
Sat Apr 13 01:00:00 EST 1974,FALSE,TRUE
Sun Apr 14 01:00:00 EST 1974,FALSE,TRUE
Mon Apr 15 01:00:00 EST 1974,FALSE,TRUE
Tue Apr 16 01:00:00 EST 1974,FALSE,TRUE
Wed Apr 17 01:00:00 EST 1974,FALSE,TRUE
Thu Apr 18 01:00:00 EST 1974,FALSE,TRUE
Fri Apr 19 01:00:00 EST 1974,FALSE,TRUE
Sat Apr 20 01:00:00 EST 1974,FALSE,TRUE
Sun Apr 21 01:00:00 EST 1974,FALSE,TRUE
Mon Apr 22 01:00:00 EST 1974,FALSE,TRUE
Tue Apr 23 01:00:00 EST 1974,FALSE,TRUE
Wed Apr 24 01:00:00 EST 1974,FALSE,TRUE
Thu Apr 25 01:00:00 EST 1974,FALSE,TRUE
Fri Apr 26 01:00:00 EST 1974,FALSE,TRUE
Sat Apr 27 01:00:00 EST 1974,FALSE,TRUE
Sun Apr 28 01:00:00 EST 1974,FALSE,TRUE
Mon Feb 24 01:00:00 EST 1975,FALSE,TRUE
Tue Feb 25 01:00:00 EST 1975,FALSE,TRUE
Wed Feb 26 01:00:00 EST 1975,FALSE,TRUE
Thu Feb 27 01:00:00 EST 1975,FALSE,TRUE
Fri Feb 28 01:00:00 EST 1975,FALSE,TRUE
Sat Mar 01 01:00:00 EST 1975,FALSE,TRUE
Sun Mar 02 01:00:00 EST 1975,FALSE,TRUE
Mon Mar 03 01:00:00 EST 1975,FALSE,TRUE
Tue Mar 04 01:00:00 EST 1975,FALSE,TRUE
Wed Mar 05 01:00:00 EST 1975,FALSE,TRUE
Thu Mar 06 01:00:00 EST 1975,FALSE,TRUE
Fri Mar 07 01:00:00 EST 1975,FALSE,TRUE
Sat Mar 08 01:00:00 EST 1975,FALSE,TRUE
Sun Mar 09 01:00:00 EST 1975,FALSE,TRUE
Mon Mar 10 01:00:00 EST 1975,FALSE,TRUE
Tue Mar 11 01:00:00 EST 1975,FALSE,TRUE
Wed Mar 12 01:00:00 EST 1975,FALSE,TRUE
Thu Mar 13 01:00:00 EST 1975,FALSE,TRUE
Fri Mar 14 01:00:00 EST 1975,FALSE,TRUE
Sat Mar 15 01:00:00 EST 1975,FALSE,TRUE
Sun Mar 16 01:00:00 EST 1975,FALSE,TRUE
Mon Mar 17 01:00:00 EST 1975,FALSE,TRUE
Tue Mar 18 01:00:00 EST 1975,FALSE,TRUE
Wed Mar 19 01:00:00 EST 1975,FALSE,TRUE
Thu Mar 20 01:00:00 EST 1975,FALSE,TRUE
Fri Mar 21 01:00:00 EST 1975,FALSE,TRUE
Sat Mar 22 01:00:00 EST 1975,FALSE,TRUE
Sun Mar 23 01:00:00 EST 1975,FALSE,TRUE
Mon Mar 24 01:00:00 EST 1975,FALSE,TRUE
Tue Mar 25 01:00:00 EST 1975,FALSE,TRUE
Wed Mar 26 01:00:00 EST 1975,FALSE,TRUE
Thu Mar 27 01:00:00 EST 1975,FALSE,TRUE
Fri Mar 28 01:00:00 EST 1975,FALSE,TRUE
Sat Mar 29 01:00:00 EST 1975,FALSE,TRUE
Sun Mar 30 01:00:00 EST 1975,FALSE,TRUE
Mon Mar 31 01:00:00 EST 1975,FALSE,TRUE
Tue Apr 01 01:00:00 EST 1975,FALSE,TRUE
Wed Apr 02 01:00:00 EST 1975,FALSE,TRUE
Thu Apr 03 01:00:00 EST 1975,FALSE,TRUE
Fri Apr 04 01:00:00 EST 1975,FALSE,TRUE
Sat Apr 05 01:00:00 EST 1975,FALSE,TRUE
Sun Apr 06 01:00:00 EST 1975,FALSE,TRUE
Mon Apr 07 01:00:00 EST 1975,FALSE,TRUE
Tue Apr 08 01:00:00 EST 1975,FALSE,TRUE
Wed Apr 09 01:00:00 EST 1975,FALSE,TRUE
Thu Apr 10 01:00:00 EST 1975,FALSE,TRUE
Fri Apr 11 01:00:00 EST 1975,FALSE,TRUE
Sat Apr 12 01:00:00 EST 1975,FALSE,TRUE
Sun Apr 13 01:00:00 EST 1975,FALSE,TRUE
Mon Apr 14 01:00:00 EST 1975,FALSE,TRUE
Tue Apr 15 01:00:00 EST 1975,FALSE,TRUE
Wed Apr 16 01:00:00 EST 1975,FALSE,TRUE
Thu Apr 17 01:00:00 EST 1975,FALSE,TRUE
Fri Apr 18 01:00:00 EST 1975,FALSE,TRUE
Sat Apr 19 01:00:00 EST 1975,FALSE,TRUE
Sun Apr 20 01:00:00 EST 1975,FALSE,TRUE
Mon Apr 21 01:00:00 EST 1975,FALSE,TRUE
Tue Apr 22 01:00:00 EST 1975,FALSE,TRUE
Wed Apr 23 01:00:00 EST 1975,FALSE,TRUE
Thu Apr 24 01:00:00 EST 1975,FALSE,TRUE
Fri Apr 25 01:00:00 EST 1975,FALSE,TRUE
Sat Apr 26 01:00:00 EST 1975,FALSE,TRUE
Sun Apr 27 01:00:00 EST 1975,FALSE,TRUE
